"Status","Start Time","Stop Time","Duration in ms","Parent Suite","Suite","Sub Suite","Test Class","Test Method","Name","Description"
"failed","Fri Sep 18 17:18:39 UTC 2026","Fri Sep 18 17:18:39 UTC 2026","5","tests","test_users_delete","TestUsersDelete","","","test_delete_user_invalid_token",""
"passed","Fri Sep 18 17:18:39 UTC 2026","Fri Sep 18 17:18:39 UTC 2026","4","tests","test_users_email","TestUsersEmail","","","test_update_user_not_found",""
"failed","Fri Sep 18 17:18:39 UTC 2026","Fri Sep 18 17:18:39 UTC 2026","14","tests","test_users_delete","TestUsersDelete","","","test_delete_user",""
"failed","Fri Sep 18 17:18:39 UTC 2026","Fri Sep 18 17:18:39 UTC 2026","4","tests","test_users_delete","TestUsersDelete","","","test_delete_user_unauthorized",""
"passed","Fri Sep 18 17:18:39 UTC 2026","Fri Sep 18 17:18:39 UTC 2026","5","tests","test_users","TestUsers","","","test_list_users",""
"passed","Fri Sep 18 17:18:39 UTC 2026","Fri Sep 18 17:18:39 UTC 2026","9","tests","test_users_email","TestUsersEmail","","","test_update_user",""
"passed","Fri Sep 18 17:18:39 UTC 2026","Fri Sep 18 17:18:39 UTC 2026","9","tests","test_users_email","TestUsersEmail","","","test_update_user_missing_required_fields[age]",""
"passed","Fri Sep 18 17:18:39 UTC 2026","Fri Sep 18 17:18:39 UTC 2026","12","tests","test_users_email","TestUsersEmail","","","test_update_user_duplicate_email",""
"passed","Fri Sep 18 17:18:39 UTC 2026","Fri Sep 18 17:18:39 UTC 2026","5","tests","test_healthcheck","","","","test_healthcheck_auth",""
"passed","Fri Sep 18 17:18:39 UTC 2026","Fri Sep 18 17:18:39 UTC 2026","9","tests","test_users_email","TestUsersEmail","","","test_get_user_by_email",""
"failed","Fri Sep 18 17:18:39 UTC 2026","Fri Sep 18 17:18:39 UTC 2026","6","tests","test_users","TestUsers","","","test_create_user_invalid_email_format",""
"passed","Fri Sep 18 17:18:39 UTC 2026","Fri Sep 18 17:18:39 UTC 2026","5","tests","test_users","TestUsers","","","test_create_user",""
"passed","Fri Sep 18 17:18:39 UTC 2026","Fri Sep 18 17:18:39 UTC 2026","4","tests","test_users","TestUsers","","","test_create_user_missing_required_fields[name]",""
"passed","Fri Sep 18 17:18:39 UTC 2026","Fri Sep 18 17:18:39 UTC 2026","4","tests","test_users","TestUsers","","","test_create_user_invalid_age[0]",""
"passed","Fri Sep 18 17:18:39 UTC 2026","Fri Sep 18 17:18:39 UTC 2026","3","tests","test_users","TestUsers","","","test_create_user_missing_required_fields[age]",""
"passed","Fri Sep 18 17:18:39 UTC 2026","Fri Sep 18 17:18:39 UTC 2026","7","tests","test_users_email","TestUsersEmail","","","test_update_user_missing_required_fields[email]",""
"passed","Fri Sep 18 17:18:39 UTC 2026","Fri Sep 18 17:18:39 UTC 2026","4","tests","test_users","TestUsers","","","test_create_user_missing_required_fields[email]",""
"failed","Fri Sep 18 17:18:39 UTC 2026","Fri Sep 18 17:18:39 UTC 2026","9","tests","test_users","TestUsers","","","test_create_duplicated_email",""
"failed","Fri Sep 18 17:18:39 UTC 2026","Fri Sep 18 17:18:39 UTC 2026","5","tests","test_users_email","TestUsersEmail","","","test_get_user_by_email_not_found",""
"passed","Fri Sep 18 17:18:39 UTC 2026","Fri Sep 18 17:18:39 UTC 2026","4","tests","test_users","TestUsers","","","test_create_user_invalid_age[-1]",""
"passed","Fri Sep 18 17:18:39 UTC 2026","Fri Sep 18 17:18:39 UTC 2026","3","tests","test_users","TestUsers","","","test_create_user_invalid_age[151]",""
"passed","Fri Sep 18 17:18:39 UTC 2026","Fri Sep 18 17:18:39 UTC 2026","7","tests","test_users_email","TestUsersEmail","","","test_update_user_missing_required_fields[name]",""
"passed","Fri Sep 18 17:18:39 UTC 2026","Fri Sep 18 17:18:39 UTC 2026","11","tests","test_healthcheck","","","","test_healthcheck_endpoint",""
"passed","Fri Sep 18 17:18:39 UTC 2026","Fri Sep 18 17:18:39 UTC 2026","6","tests","test_users_delete","TestUsersDelete","","","test_delete_user_not_found",""
"failed","Fri Sep 18 17:18:36 UTC 2026","Fri Sep 18 17:18:36 UTC 2026","11","tests","test_users_delete","TestUsersDelete","","","test_delete_user",""
"passed","Fri Sep 18 17:18:36 UTC 2026","Fri Sep 18 17:18:36 UTC 2026","8","tests","test_users_email","TestUsersEmail","","","test_update_user_missing_required_fields[age]",""
"passed","Fri Sep 18 17:18:36 UTC 2026","Fri Sep 18 17:18:36 UTC 2026","3","tests","test_users_delete","TestUsersDelete","","","test_delete_user_unauthorized",""
"passed","Fri Sep 18 17:18:36 UTC 2026","Fri Sep 18 17:18:36 UTC 2026","3","tests","test_users_delete","TestUsersDelete","","","test_delete_user_not_found",""
"passed","Fri Sep 18 17:18:36 UTC 2026","Fri Sep 18 17:18:36 UTC 2026","3","tests","test_users","TestUsers","","","test_create_user_missing_required_fields[name]",""
"passed","Fri Sep 18 17:18:36 UTC 2026","Fri Sep 18 17:18:36 UTC 2026","6","tests","test_users_email","TestUsersEmail","","","test_get_user_by_email",""
"passed","Fri Sep 18 17:18:35 UTC 2026","Fri Sep 18 17:18:35 UTC 2026","4","tests","test_healthcheck","","","","test_healthcheck_auth",""
"passed","Fri Sep 18 17:18:36 UTC 2026","Fri Sep 18 17:18:36 UTC 2026","3","tests","test_users_email","TestUsersEmail","","","test_update_user_not_found",""
"passed","Fri Sep 18 17:18:36 UTC 2026","Fri Sep 18 17:18:36 UTC 2026","8","tests","test_users_email","TestUsersEmail","","","test_update_user_missing_required_fields[name]",""
"passed","Fri Sep 18 17:18:36 UTC 2026","Fri Sep 18 17:18:36 UTC 2026","4","tests","test_users","TestUsers","","","test_create_user_invalid_age[151]",""
"passed","Fri Sep 18 17:18:35 UTC 2026","Fri Sep 18 17:18:35 UTC 2026","4","tests","test_users","TestUsers","","","test_create_user",""
"passed","Fri Sep 18 17:18:35 UTC 2026","Fri Sep 18 17:18:35 UTC 2026","4","tests","test_users","TestUsers","","","test_create_user_invalid_age[0]",""
"failed","Fri Sep 18 17:18:36 UTC 2026","Fri Sep 18 17:18:36 UTC 2026","3","tests","test_users_email","TestUsersEmail","","","test_get_user_by_email_not_found",""
"passed","Fri Sep 18 17:18:35 UTC 2026","Fri Sep 18 17:18:36 UTC 2026","3","tests","test_users","TestUsers","","","test_create_user_invalid_age[-1]",""
"passed","Fri Sep 18 17:18:36 UTC 2026","Fri Sep 18 17:18:36 UTC 2026","3","tests","test_users","TestUsers","","","test_create_user_missing_required_fields[age]",""
"passed","Fri Sep 18 17:18:35 UTC 2026","Fri Sep 18 17:18:35 UTC 2026","3","tests","test_users","TestUsers","","","test_list_users",""
"failed","Fri Sep 18 17:18:35 UTC 2026","Fri Sep 18 17:18:35 UTC 2026","8","tests","test_users","TestUsers","","","test_create_duplicated_email",""
"passed","Fri Sep 18 17:18:36 UTC 2026","Fri Sep 18 17:18:36 UTC 2026","3","tests","test_users","TestUsers","","","test_create_user_missing_required_fields[email]",""
"passed","Fri Sep 18 17:18:36 UTC 2026","Fri Sep 18 17:18:36 UTC 2026","8","tests","test_users_email","TestUsersEmail","","","test_update_user_missing_required_fields[email]",""
"failed","Fri Sep 18 17:18:35 UTC 2026","Fri Sep 18 17:18:35 UTC 2026","5","tests","test_users","TestUsers","","","test_create_user_invalid_email_format",""
"passed","Fri Sep 18 17:18:36 UTC 2026","Fri Sep 18 17:18:36 UTC 2026","13","tests","test_users_email","TestUsersEmail","","","test_update_user_duplicate_email",""
"passed","Fri Sep 18 17:18:36 UTC 2026","Fri Sep 18 17:18:36 UTC 2026","3","tests","test_users_delete","TestUsersDelete","","","test_delete_user_invalid_token",""
"passed","Fri Sep 18 17:18:36 UTC 2026","Fri Sep 18 17:18:36 UTC 2026","7","tests","test_users_email","TestUsersEmail","","","test_update_user",""
"passed","Fri Sep 18 17:18:35 UTC 2026","Fri Sep 18 17:18:35 UTC 2026","9","tests","test_healthcheck","","","","test_healthcheck_endpoint",""
